{"cameraMode":{"drawMode":0,"name":"Shaded","section":"Shading Mode"},"sceneLighting":true,"audioPlay":false,"sceneViewState":{"m_AlwaysRefresh":false,"showFog":true,"showSkybox":true,"showFlares":true,"showImageEffects":true,"showParticleSystems":true,"showVisualEffectGraphs":true,"m_FxEnabled":true},"in2DMode":false,"pivot":{"x":-5.817895889282227,"y":2.800975799560547,"z":10.920437812805176},"rotation":{"x":-0.11922194808721543,"y":-0.8590401411056519,"z":0.23570093512535096,"w":-0.43850576877593996},"size":3.3904902935028078,"orthographic":false}