{"cameraMode":{"drawMode":0,"name":"Shaded","section":"Shading Mode"},"sceneLighting":true,"audioPlay":false,"sceneViewState":{"m_AlwaysRefresh":false,"showFog":true,"showSkybox":true,"showFlares":true,"showImageEffects":true,"showParticleSystems":true,"showVisualEffectGraphs":true,"m_FxEnabled":true},"in2DMode":false,"pivot":{"x":789.5682373046875,"y":328.0342712402344,"z":24.0894832611084},"rotation":{"x":-0.03780295327305794,"y":0.00795678049325943,"z":0.0006452861125580967,"w":-0.9992563724517822},"size":419.96295166015627,"orthographic":false}