{"cameraMode":{"drawMode":0,"name":"Shaded","section":"Shading Mode"},"sceneLighting":true,"audioPlay":false,"sceneViewState":{"m_AlwaysRefresh":false,"showFog":true,"showSkybox":true,"showFlares":true,"showImageEffects":true,"showParticleSystems":true,"showVisualEffectGraphs":true,"m_FxEnabled":true},"in2DMode":false,"pivot":{"x":-24.965503692626954,"y":7.7693891525268559,"z":-31.194318771362306},"rotation":{"x":0.5220013856887817,"y":-0.39485791325569155,"z":0.29620853066444399,"w":0.6954613924026489},"size":40.482452392578128,"orthographic":false}