{"cameraMode":{"drawMode":0,"name":"Shaded","section":"Shading Mode"},"sceneLighting":true,"audioPlay":false,"sceneViewState":{"m_AlwaysRefresh":false,"showFog":true,"showSkybox":true,"showFlares":true,"showImageEffects":true,"showParticleSystems":true,"showVisualEffectGraphs":true,"m_FxEnabled":true},"in2DMode":false,"pivot":{"x":-14.146187782287598,"y":1.5272071361541749,"z":-3.170001983642578},"rotation":{"x":-0.02228337526321411,"y":-0.9737053513526917,"z":0.19633345305919648,"w":-0.11287522315979004},"size":4.351404190063477,"orthographic":false}