{"cameraMode":{"drawMode":0,"name":"Shaded","section":"Shading Mode"},"sceneLighting":true,"audioPlay":false,"sceneViewState":{"m_AlwaysRefresh":false,"showFog":true,"showSkybox":true,"showFlares":true,"showImageEffects":true,"showParticleSystems":true,"showVisualEffectGraphs":true,"m_FxEnabled":true},"in2DMode":false,"pivot":{"x":-13.48235034942627,"y":0.7069675326347351,"z":-48.317813873291019},"rotation":{"x":0.20625284314155579,"y":-0.7936472296714783,"z":0.41042011976242068,"w":0.3985990583896637},"size":22.558643341064454,"orthographic":false}