{"cameraMode":{"drawMode":0,"name":"Shaded","section":"Shading Mode"},"sceneLighting":true,"audioPlay":false,"sceneViewState":{"m_AlwaysRefresh":false,"showFog":true,"showSkybox":true,"showFlares":true,"showImageEffects":true,"showParticleSystems":true,"showVisualEffectGraphs":true,"m_FxEnabled":true},"in2DMode":false,"pivot":{"x":-32.4294319152832,"y":-0.47031834721565249,"z":-61.95463562011719},"rotation":{"x":0.0008815827313810587,"y":0.9985932111740112,"z":-0.03929337486624718,"w":0.03402077406644821},"size":3.996028423309326,"orthographic":false}