{"cameraMode":{"drawMode":0,"name":"Shaded","section":"Shading Mode"},"sceneLighting":true,"audioPlay":false,"sceneViewState":{"m_AlwaysRefresh":false,"showFog":true,"showSkybox":true,"showFlares":true,"showImageEffects":true,"showParticleSystems":true,"showVisualEffectGraphs":true,"m_FxEnabled":true},"in2DMode":false,"pivot":{"x":-5.954999923706055,"y":2.2390003204345705,"z":9.455999374389649},"rotation":{"x":-0.0001330964150838554,"y":-0.18008288741111756,"z":0.0009830069029703737,"w":-0.9836431741714478},"size":1.9986658096313477,"orthographic":false}