{"cameraMode":{"drawMode":0,"name":"Shaded","section":"Shading Mode"},"sceneLighting":true,"audioPlay":false,"sceneViewState":{"m_AlwaysRefresh":false,"showFog":true,"showSkybox":true,"showFlares":true,"showImageEffects":true,"showParticleSystems":true,"showVisualEffectGraphs":true,"m_FxEnabled":true},"in2DMode":false,"pivot":{"x":411.4845886230469,"y":163.33766174316407,"z":574.16259765625},"rotation":{"x":-0.006379622034728527,"y":-0.9976635575294495,"z":-0.04435170441865921,"w":-0.005598807241767645},"size":1.4798648357391358,"orthographic":false}