{"cameraMode":{"drawMode":0,"name":"Shaded","section":"Shading Mode"},"sceneLighting":true,"audioPlay":false,"sceneViewState":{"m_AlwaysRefresh":false,"showFog":true,"showSkybox":true,"showFlares":true,"showImageEffects":true,"showParticleSystems":true,"showVisualEffectGraphs":true,"m_FxEnabled":true},"in2DMode":false,"pivot":{"x":-6.824850559234619,"y":0.9345672130584717,"z":-4.402544975280762},"rotation":{"x":0.007686267141252756,"y":-0.9318786859512329,"z":0.36228764057159426,"w":0.01715579628944397},"size":7.711165904998779,"orthographic":false}