{"cameraMode":{"drawMode":0,"name":"Shaded","section":"Shading Mode"},"sceneLighting":true,"audioPlay":false,"sceneViewState":{"m_AlwaysRefresh":false,"showFog":true,"showSkybox":true,"showFlares":true,"showImageEffects":true,"showParticleSystems":true,"showVisualEffectGraphs":true,"m_FxEnabled":true},"in2DMode":false,"pivot":{"x":-6.704999923706055,"y":1.9890003204345704,"z":9.375999450683594},"rotation":{"x":0.05696023255586624,"y":0.09048488736152649,"z":-0.005988062359392643,"w":0.9941939115524292},"size":4.037656307220459,"orthographic":false}