{"cameraMode":{"drawMode":0,"name":"Shaded","section":"Shading Mode"},"sceneLighting":true,"audioPlay":false,"sceneViewState":{"m_AlwaysRefresh":false,"showFog":true,"showSkybox":true,"showFlares":true,"showImageEffects":true,"showParticleSystems":true,"showVisualEffectGraphs":true,"m_FxEnabled":true},"in2DMode":false,"pivot":{"x":-74.1190185546875,"y":9.238781929016114,"z":-52.340057373046878},"rotation":{"x":0.022251611575484277,"y":-0.45287269353866579,"z":-0.00005889313615625724,"w":0.8907635807991028},"size":2.8298161029815676,"orthographic":false}