{"cameraMode":{"drawMode":0,"name":"Shaded","section":"Shading Mode"},"sceneLighting":true,"audioPlay":false,"sceneViewState":{"m_AlwaysRefresh":false,"showFog":true,"showSkybox":true,"showFlares":true,"showImageEffects":true,"showParticleSystems":true,"showVisualEffectGraphs":true,"m_FxEnabled":true},"in2DMode":false,"pivot":{"x":1.299022912979126,"y":-1.0630327463150025,"z":-0.9647401571273804},"rotation":{"x":-0.055096883326768878,"y":0.9248891472816467,"z":-0.14718037843704225,"w":-0.346230685710907},"size":10.958272933959961,"orthographic":false}